{
		"01": [
			[-37.814,144.96332],
			[-37.824,144.96332]
		],
		"02": [
			[-37.924,144.962],
			[-37.824,144.96332]
		],
		"03": [
			[-37.98,144.82],
			[-37.14,144.26332]
		],
		"04": [
			[-37.98,144.82],
			[-37.14,144.22]
		]
}